[{"model": "shop.category", "pk": 1, "fields": {"name": "Mens"}}, {"model": "shop.category", "pk": 2, "fields": {"name": "Womens"}}, {"model": "shop.category", "pk": 3, "fields": {"name": "Accessories"}}, {"model": "shop.product", "pk": 1, "fields": {"name": "Shirt", "category": 1, "description": "This is a cool shirt", "price": "6.00", "image": "products/Skjermbilde_2025-04-09_173553.png", "is_available": true}}, {"model": "shop.product", "pk": 2, "fields": {"name": "Skirt", "category": 2, "description": "This skirt is so long and cool and orange it's amazing", "price": "4.00", "image": "products/last_ned.jpg", "is_available": true}}, {"model": "shop.product", "pk": 3, "fields": {"name": "Dress", "category": 2, "description": "Long and flowy dress. ", "price": "11.00", "image": "products/hbh.webp", "is_available": true}}, {"model": "shop.product", "pk": 4, "fields": {"name": "Pants", "category": 1, "description": "Very cool and grey pants", "price": "10.00", "image": "products/incline_as_pants_graphene_qfu_85_grh.webp", "is_available": true}}, {"model": "shop.order", "pk": 1, "fields": {"user": 1, "created_at": "2025-05-22T07:45:22.250Z", "is_paid": true, "status": "pending"}}, {"model": "shop.order", "pk": 3, "fields": {"user": 1, "created_at": "2025-06-03T13:42:09.742Z", "is_paid": false, "status": "pending"}}, {"model": "shop.order", "pk": 4, "fields": {"user": 1, "created_at": "2025-06-03T13:42:45.217Z", "is_paid": false, "status": "pending"}}, {"model": "shop.order", "pk": 6, "fields": {"user": 1, "created_at": "2025-06-03T13:45:40.828Z", "is_paid": true, "status": "pending"}}, {"model": "shop.order", "pk": 7, "fields": {"user": 2, "created_at": "2025-06-03T13:56:32.823Z", "is_paid": true, "status": "processing"}}, {"model": "shop.order", "pk": 8, "fields": {"user": 1, "created_at": "2025-06-03T14:39:48.601Z", "is_paid": true, "status": "delivered"}}, {"model": "shop.order", "pk": 9, "fields": {"user": 1, "created_at": "2025-06-03T14:49:41.982Z", "is_paid": true, "status": "shipped"}}, {"model": "shop.order", "pk": 10, "fields": {"user": 2, "created_at": "2025-06-03T18:25:31.517Z", "is_paid": false, "status": "pending"}}, {"model": "shop.order", "pk": 11, "fields": {"user": 1, "created_at": "2025-06-03T18:26:46.065Z", "is_paid": false, "status": "pending"}}, {"model": "shop.order", "pk": 12, "fields": {"user": 1, "created_at": "2025-06-03T21:35:23.609Z", "is_paid": false, "status": "pending"}}, {"model": "shop.order", "pk": 13, "fields": {"user": 1, "created_at": "2025-06-03T21:35:40.638Z", "is_paid": false, "status": "pending"}}, {"model": "shop.order", "pk": 14, "fields": {"user": 1, "created_at": "2025-06-04T14:41:03.861Z", "is_paid": false, "status": "pending"}}, {"model": "shop.order", "pk": 15, "fields": {"user": 2, "created_at": "2025-06-04T19:58:44.887Z", "is_paid": false, "status": "pending"}}, {"model": "shop.order", "pk": 16, "fields": {"user": 2, "created_at": "2025-06-04T20:28:13.766Z", "is_paid": true, "status": "shipped"}}, {"model": "shop.order", "pk": 17, "fields": {"user": 2, "created_at": "2025-06-04T21:18:27.562Z", "is_paid": true, "status": "shipped"}}, {"model": "shop.orderitem", "pk": 1, "fields": {"order": 1, "product": 1, "quantity": 5, "size": "M"}}, {"model": "shop.orderitem", "pk": 2, "fields": {"order": 3, "product": 2, "quantity": 4, "size": "M"}}, {"model": "shop.orderitem", "pk": 3, "fields": {"order": 4, "product": 1, "quantity": 1, "size": "M"}}, {"model": "shop.orderitem", "pk": 5, "fields": {"order": 6, "product": 1, "quantity": 1, "size": "M"}}, {"model": "shop.orderitem", "pk": 6, "fields": {"order": 7, "product": 1, "quantity": 1, "size": "M"}}, {"model": "shop.orderitem", "pk": 7, "fields": {"order": 8, "product": 1, "quantity": 2, "size": "M"}}, {"model": "shop.orderitem", "pk": 8, "fields": {"order": 9, "product": 1, "quantity": 2, "size": "M"}}, {"model": "shop.orderitem", "pk": 9, "fields": {"order": 10, "product": 1, "quantity": 3, "size": "XL"}}, {"model": "shop.orderitem", "pk": 10, "fields": {"order": 11, "product": 1, "quantity": 4, "size": "XL"}}, {"model": "shop.orderitem", "pk": 11, "fields": {"order": 11, "product": 1, "quantity": 1, "size": "L"}}, {"model": "shop.orderitem", "pk": 12, "fields": {"order": 11, "product": 1, "quantity": 1, "size": "M"}}, {"model": "shop.orderitem", "pk": 13, "fields": {"order": 13, "product": 1, "quantity": 1, "size": "M"}}, {"model": "shop.orderitem", "pk": 14, "fields": {"order": 14, "product": 1, "quantity": 1, "size": "XL"}}, {"model": "shop.orderitem", "pk": 15, "fields": {"order": 14, "product": 1, "quantity": 1, "size": "L"}}, {"model": "shop.orderitem", "pk": 16, "fields": {"order": 15, "product": 3, "quantity": 1, "size": "L"}}, {"model": "shop.orderitem", "pk": 17, "fields": {"order": 16, "product": 3, "quantity": 2, "size": "M"}}, {"model": "shop.orderitem", "pk": 18, "fields": {"order": 16, "product": 3, "quantity": 1, "size": "L"}}, {"model": "shop.orderitem", "pk": 19, "fields": {"order": 17, "product": 3, "quantity": 1, "size": "M"}}, {"model": "shop.orderitem", "pk": 20, "fields": {"order": 17, "product": 3, "quantity": 1, "size": "L"}}, {"model": "shop.review", "pk": 18, "fields": {"product": 2, "user": 1, "rating": 5, "comment": "Orange is the new black", "created_at": "2025-06-02T21:56:17.444Z"}}, {"model": "shop.review", "pk": 21, "fields": {"product": 2, "user": 2, "rating": 1, "comment": "TOO ORANGE", "created_at": "2025-06-02T21:59:37.710Z"}}, {"model": "shop.review", "pk": 22, "fields": {"product": 1, "user": 1, "rating": 5, "comment": "pls make it orange", "created_at": "2025-06-02T22:06:54.277Z"}}, {"model": "shop.review", "pk": 30, "fields": {"product": 1, "user": 2, "rating": 1, "comment": "Too small", "created_at": "2025-06-04T20:08:55.704Z"}}, {"model": "shop.review", "pk": 32, "fields": {"product": 3, "user": 2, "rating": 5, "comment": "This is really nice", "created_at": "2025-06-04T21:16:07.477Z"}}, {"model": "shop.cartitem", "pk": 38, "fields": {"user": 1, "product": 4, "quantity": 1, "size": "M"}}, {"model": "shop.cartitem", "pk": 39, "fields": {"user": 1, "product": 1, "quantity": 1, "size": "M"}}, {"model": "admin.logentry", "pk": 1, "fields": {"action_time": "2025-04-17T20:40:25.611Z", "user": 1, "content_type": 1, "object_id": "1", "object_repr": "Mens", "action_flag": 1, "change_message": "[{\"added\": {}}]"}}, {"model": "admin.logentry", "pk": 2, "fields": {"action_time": "2025-04-17T20:40:38.554Z", "user": 1, "content_type": 1, "object_id": "2", "object_repr": "Womens", "action_flag": 1, "change_message": "[{\"added\": {}}]"}}, {"model": "admin.logentry", "pk": 3, "fields": {"action_time": "2025-04-17T20:40:50.921Z", "user": 1, "content_type": 1, "object_id": "3", "object_repr": "Accessories", "action_flag": 1, "change_message": "[{\"added\": {}}]"}}, {"model": "admin.logentry", "pk": 4, "fields": {"action_time": "2025-04-17T20:41:14.861Z", "user": 1, "content_type": 3, "object_id": "1", "object_repr": "Shirt", "action_flag": 1, "change_message": "[{\"added\": {}}]"}}, {"model": "admin.logentry", "pk": 5, "fields": {"action_time": "2025-04-17T20:45:43.451Z", "user": 1, "content_type": 5, "object_id": "1", "object_repr": "Review by admin - 2/5", "action_flag": 1, "change_message": "[{\"added\": {}}]"}}, {"model": "admin.logentry", "pk": 6, "fields": {"action_time": "2025-04-17T21:52:24.911Z", "user": 1, "content_type": 3, "object_id": "1", "object_repr": "Shirt", "action_flag": 2, "change_message": "[{\"changed\": {\"fields\": [\"Image\"]}}]"}}, {"model": "admin.logentry", "pk": 7, "fields": {"action_time": "2025-04-22T20:56:39.104Z", "user": 1, "content_type": 3, "object_id": "1", "object_repr": "Shirt", "action_flag": 2, "change_message": "[]"}}, {"model": "admin.logentry", "pk": 8, "fields": {"action_time": "2025-04-22T20:57:43.818Z", "user": 1, "content_type": 5, "object_id": "2", "object_repr": "Review by admin - 5/5", "action_flag": 1, "change_message": "[{\"added\": {}}]"}}, {"model": "admin.logentry", "pk": 9, "fields": {"action_time": "2025-04-22T20:57:50.986Z", "user": 1, "content_type": 5, "object_id": "1", "object_repr": "Review by admin - 2/5", "action_flag": 3, "change_message": ""}}, {"model": "admin.logentry", "pk": 10, "fields": {"action_time": "2025-05-22T07:45:22.253Z", "user": 1, "content_type": 2, "object_id": "1", "object_repr": "Order #1 by admin", "action_flag": 1, "change_message": "[{\"added\": {}}]"}}, {"model": "admin.logentry", "pk": 11, "fields": {"action_time": "2025-05-22T07:45:47.673Z", "user": 1, "content_type": 3, "object_id": "1", "object_repr": "Shirt", "action_flag": 2, "change_message": "[{\"changed\": {\"fields\": [\"Category\"]}}]"}}, {"model": "admin.logentry", "pk": 12, "fields": {"action_time": "2025-05-22T07:48:35.536Z", "user": 1, "content_type": 3, "object_id": "1", "object_repr": "Shirt", "action_flag": 2, "change_message": "[{\"changed\": {\"fields\": [\"Category\"]}}]"}}, {"model": "admin.logentry", "pk": 13, "fields": {"action_time": "2025-06-01T21:23:44.328Z", "user": 1, "content_type": 3, "object_id": "1", "object_repr": "Shirt", "action_flag": 2, "change_message": "[{\"changed\": {\"fields\": [\"Is available\"]}}]"}}, {"model": "admin.logentry", "pk": 14, "fields": {"action_time": "2025-06-01T21:23:55.697Z", "user": 1, "content_type": 3, "object_id": "1", "object_repr": "Shirt", "action_flag": 2, "change_message": "[{\"changed\": {\"fields\": [\"Is available\"]}}]"}}, {"model": "admin.logentry", "pk": 15, "fields": {"action_time": "2025-06-01T21:25:00.533Z", "user": 1, "content_type": 2, "object_id": "1", "object_repr": "Order #1 by admin", "action_flag": 2, "change_message": "[{\"changed\": {\"fields\": [\"Is paid\"]}}]"}}, {"model": "admin.logentry", "pk": 16, "fields": {"action_time": "2025-06-01T21:25:05.379Z", "user": 1, "content_type": 2, "object_id": "2", "object_repr": "Order #2 by admin", "action_flag": 1, "change_message": "[{\"added\": {}}]"}}, {"model": "admin.logentry", "pk": 17, "fields": {"action_time": "2025-06-01T21:25:10.134Z", "user": 1, "content_type": 2, "object_id": "2", "object_repr": "Order #2 by admin", "action_flag": 3, "change_message": ""}}, {"model": "admin.logentry", "pk": 18, "fields": {"action_time": "2025-06-01T21:26:13.432Z", "user": 1, "content_type": 4, "object_id": "1", "object_repr": "1 x Shirt", "action_flag": 1, "change_message": "[{\"added\": {}}]"}}, {"model": "admin.logentry", "pk": 19, "fields": {"action_time": "2025-06-01T21:26:24.127Z", "user": 1, "content_type": 4, "object_id": "1", "object_repr": "5 x Shirt", "action_flag": 2, "change_message": "[{\"changed\": {\"fields\": [\"Quantity\"]}}]"}}, {"model": "admin.logentry", "pk": 20, "fields": {"action_time": "2025-06-01T21:26:34.195Z", "user": 1, "content_type": 2, "object_id": "1", "object_repr": "Order #1 by admin", "action_flag": 2, "change_message": "[{\"changed\": {\"fields\": [\"Is paid\"]}}]"}}, {"model": "admin.logentry", "pk": 21, "fields": {"action_time": "2025-06-01T21:26:38.179Z", "user": 1, "content_type": 2, "object_id": "1", "object_repr": "Order #1 by admin", "action_flag": 2, "change_message": "[]"}}, {"model": "admin.logentry", "pk": 22, "fields": {"action_time": "2025-06-01T21:30:09.770Z", "user": 1, "content_type": 3, "object_id": "2", "object_repr": "Skirt", "action_flag": 1, "change_message": "[{\"added\": {}}]"}}, {"model": "admin.logentry", "pk": 23, "fields": {"action_time": "2025-06-01T22:09:06.457Z", "user": 1, "content_type": 5, "object_id": "3", "object_repr": "Review by admin - 5/5", "action_flag": 3, "change_message": ""}}, {"model": "admin.logentry", "pk": 24, "fields": {"action_time": "2025-06-01T22:09:12.084Z", "user": 1, "content_type": 5, "object_id": "2", "object_repr": "Review by admin - 5/5", "action_flag": 3, "change_message": ""}}, {"model": "admin.logentry", "pk": 25, "fields": {"action_time": "2025-06-01T22:35:20.861Z", "user": 1, "content_type": 10, "object_id": "2", "object_repr": "Philip", "action_flag": 1, "change_message": "[{\"added\": {}}]"}}, {"model": "admin.logentry", "pk": 26, "fields": {"action_time": "2025-06-03T13:45:57.645Z", "user": 1, "content_type": 2, "object_id": "6", "object_repr": "Order #6 by admin", "action_flag": 2, "change_message": "[{\"changed\": {\"fields\": [\"Is paid\"]}}]"}}, {"model": "admin.logentry", "pk": 27, "fields": {"action_time": "2025-06-03T14:01:57.885Z", "user": 1, "content_type": 2, "object_id": "7", "object_repr": "Order #7 by Philip", "action_flag": 2, "change_message": "[{\"changed\": {\"fields\": [\"Status\"]}}]"}}, {"model": "admin.logentry", "pk": 28, "fields": {"action_time": "2025-06-03T14:02:05.544Z", "user": 1, "content_type": 2, "object_id": "7", "object_repr": "Order #7 by Philip", "action_flag": 2, "change_message": "[{\"changed\": {\"fields\": [\"Is paid\"]}}]"}}, {"model": "admin.logentry", "pk": 29, "fields": {"action_time": "2025-06-03T14:02:09.341Z", "user": 1, "content_type": 2, "object_id": "7", "object_repr": "Order #7 by Philip", "action_flag": 2, "change_message": "[{\"changed\": {\"fields\": [\"Status\"]}}]"}}, {"model": "admin.logentry", "pk": 30, "fields": {"action_time": "2025-06-03T14:41:16.173Z", "user": 1, "content_type": 2, "object_id": "8", "object_repr": "Order #8 by admin", "action_flag": 2, "change_message": "[{\"changed\": {\"fields\": [\"Is paid\", \"Status\"]}}]"}}, {"model": "admin.logentry", "pk": 31, "fields": {"action_time": "2025-06-03T14:50:22.061Z", "user": 1, "content_type": 2, "object_id": "9", "object_repr": "Order #9 by admin", "action_flag": 2, "change_message": "[{\"changed\": {\"fields\": [\"Is paid\", \"Status\"]}}]"}}, {"model": "admin.logentry", "pk": 32, "fields": {"action_time": "2025-06-03T20:21:18.598Z", "user": 1, "content_type": 2, "object_id": "5", "object_repr": "Order #5 by admin", "action_flag": 3, "change_message": ""}}, {"model": "admin.logentry", "pk": 33, "fields": {"action_time": "2025-06-03T20:53:45.762Z", "user": 1, "content_type": 3, "object_id": "3", "object_repr": "s", "action_flag": 1, "change_message": "[{\"added\": {}}]"}}, {"model": "admin.logentry", "pk": 34, "fields": {"action_time": "2025-06-03T21:03:04.032Z", "user": 1, "content_type": 3, "object_id": "4", "object_repr": "Pants", "action_flag": 1, "change_message": "[{\"added\": {}}]"}}, {"model": "admin.logentry", "pk": 35, "fields": {"action_time": "2025-06-04T16:24:56.063Z", "user": 1, "content_type": 3, "object_id": "3", "object_repr": "Dress", "action_flag": 2, "change_message": "[{\"changed\": {\"fields\": [\"Name\", \"Description\", \"Price\", \"Image\"]}}]"}}, {"model": "admin.logentry", "pk": 36, "fields": {"action_time": "2025-06-04T20:31:15.453Z", "user": 1, "content_type": 2, "object_id": "16", "object_repr": "Order #16 by Philip", "action_flag": 2, "change_message": "[{\"changed\": {\"fields\": [\"Is paid\", \"Status\"]}}]"}}, {"model": "admin.logentry", "pk": 37, "fields": {"action_time": "2025-06-04T21:11:43.117Z", "user": 1, "content_type": 13, "object_id": "37", "object_repr": "Shirt x 1", "action_flag": 3, "change_message": ""}}, {"model": "admin.logentry", "pk": 38, "fields": {"action_time": "2025-06-04T21:22:12.749Z", "user": 1, "content_type": 2, "object_id": "17", "object_repr": "Order #17 by Philip", "action_flag": 2, "change_message": "[{\"changed\": {\"fields\": [\"Is paid\", \"Status\"]}}]"}}, {"model": "auth.permission", "pk": 1, "fields": {"name": "Can add category", "content_type": 1, "codename": "add_category"}}, {"model": "auth.permission", "pk": 2, "fields": {"name": "Can change category", "content_type": 1, "codename": "change_category"}}, {"model": "auth.permission", "pk": 3, "fields": {"name": "Can delete category", "content_type": 1, "codename": "delete_category"}}, {"model": "auth.permission", "pk": 4, "fields": {"name": "Can view category", "content_type": 1, "codename": "view_category"}}, {"model": "auth.permission", "pk": 5, "fields": {"name": "Can add order", "content_type": 2, "codename": "add_order"}}, {"model": "auth.permission", "pk": 6, "fields": {"name": "Can change order", "content_type": 2, "codename": "change_order"}}, {"model": "auth.permission", "pk": 7, "fields": {"name": "Can delete order", "content_type": 2, "codename": "delete_order"}}, {"model": "auth.permission", "pk": 8, "fields": {"name": "Can view order", "content_type": 2, "codename": "view_order"}}, {"model": "auth.permission", "pk": 9, "fields": {"name": "Can add product", "content_type": 3, "codename": "add_product"}}, {"model": "auth.permission", "pk": 10, "fields": {"name": "Can change product", "content_type": 3, "codename": "change_product"}}, {"model": "auth.permission", "pk": 11, "fields": {"name": "Can delete product", "content_type": 3, "codename": "delete_product"}}, {"model": "auth.permission", "pk": 12, "fields": {"name": "Can view product", "content_type": 3, "codename": "view_product"}}, {"model": "auth.permission", "pk": 13, "fields": {"name": "Can add order item", "content_type": 4, "codename": "add_orderitem"}}, {"model": "auth.permission", "pk": 14, "fields": {"name": "Can change order item", "content_type": 4, "codename": "change_orderitem"}}, {"model": "auth.permission", "pk": 15, "fields": {"name": "Can delete order item", "content_type": 4, "codename": "delete_orderitem"}}, {"model": "auth.permission", "pk": 16, "fields": {"name": "Can view order item", "content_type": 4, "codename": "view_orderitem"}}, {"model": "auth.permission", "pk": 17, "fields": {"name": "Can add review", "content_type": 5, "codename": "add_review"}}, {"model": "auth.permission", "pk": 18, "fields": {"name": "Can change review", "content_type": 5, "codename": "change_review"}}, {"model": "auth.permission", "pk": 19, "fields": {"name": "Can delete review", "content_type": 5, "codename": "delete_review"}}, {"model": "auth.permission", "pk": 20, "fields": {"name": "Can view review", "content_type": 5, "codename": "view_review"}}, {"model": "auth.permission", "pk": 21, "fields": {"name": "Can add user profile", "content_type": 6, "codename": "add_userprofile"}}, {"model": "auth.permission", "pk": 22, "fields": {"name": "Can change user profile", "content_type": 6, "codename": "change_userprofile"}}, {"model": "auth.permission", "pk": 23, "fields": {"name": "Can delete user profile", "content_type": 6, "codename": "delete_userprofile"}}, {"model": "auth.permission", "pk": 24, "fields": {"name": "Can view user profile", "content_type": 6, "codename": "view_userprofile"}}, {"model": "auth.permission", "pk": 25, "fields": {"name": "Can add log entry", "content_type": 7, "codename": "add_logentry"}}, {"model": "auth.permission", "pk": 26, "fields": {"name": "Can change log entry", "content_type": 7, "codename": "change_logentry"}}, {"model": "auth.permission", "pk": 27, "fields": {"name": "Can delete log entry", "content_type": 7, "codename": "delete_logentry"}}, {"model": "auth.permission", "pk": 28, "fields": {"name": "Can view log entry", "content_type": 7, "codename": "view_logentry"}}, {"model": "auth.permission", "pk": 29, "fields": {"name": "Can add permission", "content_type": 8, "codename": "add_permission"}}, {"model": "auth.permission", "pk": 30, "fields": {"name": "Can change permission", "content_type": 8, "codename": "change_permission"}}, {"model": "auth.permission", "pk": 31, "fields": {"name": "Can delete permission", "content_type": 8, "codename": "delete_permission"}}, {"model": "auth.permission", "pk": 32, "fields": {"name": "Can view permission", "content_type": 8, "codename": "view_permission"}}, {"model": "auth.permission", "pk": 33, "fields": {"name": "Can add group", "content_type": 9, "codename": "add_group"}}, {"model": "auth.permission", "pk": 34, "fields": {"name": "Can change group", "content_type": 9, "codename": "change_group"}}, {"model": "auth.permission", "pk": 35, "fields": {"name": "Can delete group", "content_type": 9, "codename": "delete_group"}}, {"model": "auth.permission", "pk": 36, "fields": {"name": "Can view group", "content_type": 9, "codename": "view_group"}}, {"model": "auth.permission", "pk": 37, "fields": {"name": "Can add user", "content_type": 10, "codename": "add_user"}}, {"model": "auth.permission", "pk": 38, "fields": {"name": "Can change user", "content_type": 10, "codename": "change_user"}}, {"model": "auth.permission", "pk": 39, "fields": {"name": "Can delete user", "content_type": 10, "codename": "delete_user"}}, {"model": "auth.permission", "pk": 40, "fields": {"name": "Can view user", "content_type": 10, "codename": "view_user"}}, {"model": "auth.permission", "pk": 41, "fields": {"name": "Can add content type", "content_type": 11, "codename": "add_contenttype"}}, {"model": "auth.permission", "pk": 42, "fields": {"name": "Can change content type", "content_type": 11, "codename": "change_contenttype"}}, {"model": "auth.permission", "pk": 43, "fields": {"name": "Can delete content type", "content_type": 11, "codename": "delete_contenttype"}}, {"model": "auth.permission", "pk": 44, "fields": {"name": "Can view content type", "content_type": 11, "codename": "view_contenttype"}}, {"model": "auth.permission", "pk": 45, "fields": {"name": "Can add session", "content_type": 12, "codename": "add_session"}}, {"model": "auth.permission", "pk": 46, "fields": {"name": "Can change session", "content_type": 12, "codename": "change_session"}}, {"model": "auth.permission", "pk": 47, "fields": {"name": "Can delete session", "content_type": 12, "codename": "delete_session"}}, {"model": "auth.permission", "pk": 48, "fields": {"name": "Can view session", "content_type": 12, "codename": "view_session"}}, {"model": "auth.permission", "pk": 49, "fields": {"name": "Can add cart item", "content_type": 13, "codename": "add_cartitem"}}, {"model": "auth.permission", "pk": 50, "fields": {"name": "Can change cart item", "content_type": 13, "codename": "change_cartitem"}}, {"model": "auth.permission", "pk": 51, "fields": {"name": "Can delete cart item", "content_type": 13, "codename": "delete_cartitem"}}, {"model": "auth.permission", "pk": 52, "fields": {"name": "Can view cart item", "content_type": 13, "codename": "view_cartitem"}}, {"model": "auth.user", "pk": 1, "fields": {"password": "pbkdf2_sha256$870000$9r45yO31PcDY3NOXiueqhM$Bxx0AH0nGVE5rSPCEL7UZyVri9s54VdGnV5ZA6v2jPM=", "last_login": "2025-06-04T21:19:41.659Z", "is_superuser": true, "username": "admin", "first_name": "", "last_name": "", "email": "admin@bi.no", "is_staff": true, "is_active": true, "date_joined": "2025-04-17T20:39:33.803Z", "groups": [], "user_permissions": []}}, {"model": "auth.user", "pk": 2, "fields": {"password": "pbkdf2_sha256$870000$7gucjN6ey2KlBDlx9sKHf5$8NPuZ6NDBEsu4fxK4+4VS4iLCOm9jcST7pEN04s9j6k=", "last_login": "2025-06-04T21:22:55.530Z", "is_superuser": false, "username": "Philip", "first_name": "", "last_name": "", "email": "", "is_staff": false, "is_active": true, "date_joined": "2025-06-01T22:35:17.684Z", "groups": [], "user_permissions": []}}, {"model": "contenttypes.contenttype", "pk": 1, "fields": {"app_label": "shop", "model": "category"}}, {"model": "contenttypes.contenttype", "pk": 2, "fields": {"app_label": "shop", "model": "order"}}, {"model": "contenttypes.contenttype", "pk": 3, "fields": {"app_label": "shop", "model": "product"}}, {"model": "contenttypes.contenttype", "pk": 4, "fields": {"app_label": "shop", "model": "orderitem"}}, {"model": "contenttypes.contenttype", "pk": 5, "fields": {"app_label": "shop", "model": "review"}}, {"model": "contenttypes.contenttype", "pk": 6, "fields": {"app_label": "shop", "model": "userprofile"}}, {"model": "contenttypes.contenttype", "pk": 7, "fields": {"app_label": "admin", "model": "logentry"}}, {"model": "contenttypes.contenttype", "pk": 8, "fields": {"app_label": "auth", "model": "permission"}}, {"model": "contenttypes.contenttype", "pk": 9, "fields": {"app_label": "auth", "model": "group"}}, {"model": "contenttypes.contenttype", "pk": 10, "fields": {"app_label": "auth", "model": "user"}}, {"model": "contenttypes.contenttype", "pk": 11, "fields": {"app_label": "contenttypes", "model": "contenttype"}}, {"model": "contenttypes.contenttype", "pk": 12, "fields": {"app_label": "sessions", "model": "session"}}, {"model": "contenttypes.contenttype", "pk": 13, "fields": {"app_label": "shop", "model": "cartitem"}}, {"model": "sessions.session", "pk": "4cqsebianfm92x5mcjzmqgbtqkxsb16r", "fields": {"session_data": ".eJxVjMsOwiAQRf-FtSHyBpfu-w1kGAapGkhKuzL-uzbpQrf3nHNfLMK21rgNWuKc2YUJdvrdEuCD2g7yHdqtc-xtXebEd4UfdPCpZ3peD_fvoMKo39rbgkYUAE9nH0ySFoXw3iFhCNJkCOiAlLAZFVoftDQJXdJJUdFKOvb-AO7OOBg:1uMqyR:8uxu7ZclovPusyfbeCzRxxD0UQ4R4wz0v8YQwTQ0pfs", "expire_date": "2025-06-18T16:28:19.749Z"}}, {"model": "sessions.session", "pk": "4hsgky1d1woet5x6m0fag94zib3po83a", "fields": {"session_data": ".eJxVjMsOwiAQRf-FtSHyBpfu-w1kGAapGkhKuzL-uzbpQrf3nHNfLMK21rgNWuKc2YUJdvrdEuCD2g7yHdqtc-xtXebEd4UfdPCpZ3peD_fvoMKo39rbgkYUAE9nH0ySFoXw3iFhCNJkCOiAlLAZFVoftDQJXdJJUdFKOvb-AO7OOBg:1uMua6:DhUpm6beflmeq_Smk1NDEpCTl5ruSPSqRT0iPBNhzv8", "expire_date": "2025-06-18T20:19:26.200Z"}}, {"model": "sessions.session", "pk": "8w9b05hznhfwhbdf1xv5wm01kd66nuyf", "fields": {"session_data": ".eJxVjDsOwjAQBe_iGlna9Xcp6TmD5c8aB5AjxUmFuDtESgHtm5n3EiFuawvb4CVMRZwFitPvlmJ-cN9Bucd-m2We-7pMSe6KPOiQ17nw83K4fwctjvatTVY1cjYOqDhfNIFi8NoxaaU1VjSQlFMVagXvKhIWJEs5sTeWnBXvD9FINxI:1uMaPn:7sHLuZhBYiFLLY85FlO0r5FUlpI9GTXC1JYHxZXTQhY", "expire_date": "2025-06-17T22:47:27.694Z"}}, {"model": "sessions.session", "pk": "g88a8qq8b47syhp6bansi1koh4ei0cvp", "fields": {"session_data": ".eJxVjDsOwjAQBe_iGlna9Xcp6TmD5c8aB5AjxUmFuDtESgHtm5n3EiFuawvb4CVMRZwFitPvlmJ-cN9Bucd-m2We-7pMSe6KPOiQ17nw83K4fwctjvatTVY1cjYOqDhfNIFi8NoxaaU1VjSQlFMVagXvKhIWJEs5sTeWnBXvD9FINxI:1uMvZX:_rCSBDJ2rJMUJLVrs4LbUupdfdXmY3_O5me3QviO1x4", "expire_date": "2025-06-18T21:22:55.535Z"}}, {"model": "sessions.session", "pk": "pd61qr5sedcamshjhnbh12bq1qjcfmjy", "fields": {"session_data": ".eJxVjDsOwjAQBe_iGlna9Xcp6TmD5c8aB5AjxUmFuDtESgHtm5n3EiFuawvb4CVMRZwFitPvlmJ-cN9Bucd-m2We-7pMSe6KPOiQ17nw83K4fwctjvatTVY1cjYOqDhfNIFi8NoxaaU1VjSQlFMVagXvKhIWJEs5sTeWnBXvD9FINxI:1uMUZx:y29MVLTtSVPmDRHhHswrp6fgsVwQhEGxTJXnXurYEEU", "expire_date": "2025-06-17T16:33:33.184Z"}}, {"model": "sessions.session", "pk": "volxetyi4c17gyipnv5xp0z132e5x2wi", "fields": {"session_data": ".eJxVjMsOwiAQRf-FtSHyBpfu-w1kGAapGkhKuzL-uzbpQrf3nHNfLMK21rgNWuKc2YUJdvrdEuCD2g7yHdqtc-xtXebEd4UfdPCpZ3peD_fvoMKo39rbgkYUAE9nH0ySFoXw3iFhCNJkCOiAlLAZFVoftDQJXdJJUdFKOvb-AO7OOBg:1u7KiB:uRHV3YHzZbEcbhX4jjoJTU9v_JZCTMgrir9Oj183pz4", "expire_date": "2025-05-06T20:59:23.903Z"}}]